{
  "cc": {
    "mean": 0.49946588430028654,
    "n_pixels": 19167232,
    "std": 0.12884389164677262
  },
  "deep": {
    "mean": 0.41730790011380164,
    "n_pixels": 19167232,
    "std": 0.15177873784656873
  },
  "sup": {
    "mean": 0.47176052054376577,
    "n_pixels": 19167232,
    "std": 0.19461492954485207
  }
}