{
  "cc": {
    "mean": 0.49913316309391076,
    "n_pixels": 19016704,
    "std": 0.12914010219508942
  },
  "deep": {
    "mean": 0.41536557483760395,
    "n_pixels": 19016704,
    "std": 0.15250785611863463
  },
  "sup": {
    "mean": 0.47132128558940206,
    "n_pixels": 19016704,
    "std": 0.19449928568060043
  }
}