{
  "cc": {
    "mean": 0.49906099379390895,
    "n_pixels": 18966528,
    "std": 0.12912770806549104
  },
  "deep": {
    "mean": 0.4184716337636691,
    "n_pixels": 18966528,
    "std": 0.15174701437131322
  },
  "sup": {
    "mean": 0.4725148478307087,
    "n_pixels": 18966528,
    "std": 0.19445173980950684
  }
}