{
  "cc": {
    "mean": 0.4988116624964418,
    "n_pixels": 19167232,
    "std": 0.12926109548072168
  },
  "deep": {
    "mean": 0.415725600249442,
    "n_pixels": 19167232,
    "std": 0.15260325566955663
  },
  "sup": {
    "mean": 0.4713980307600949,
    "n_pixels": 19167232,
    "std": 0.1944897562007024
  }
}