{
  "cc": {
    "mean": 0.49784870191407316,
    "n_pixels": 19217408,
    "std": 0.12963811490861601
  },
  "deep": {
    "mean": 0.4137765962453645,
    "n_pixels": 19217408,
    "std": 0.15254700689266745
  },
  "sup": {
    "mean": 0.47023267345029046,
    "n_pixels": 19217408,
    "std": 0.19486547922335037
  }
}