sup_dominance,deep_dominance,cc_dominance
0.32694802,0.32075602,0.352296
0.32755247,0.31041324,0.36203432
0.30272698,0.3801106,0.31716245
0.357174,0.3347536,0.30807242
